id;date;title;amount
1;2021-11-21T19:29:02;open-source Intelligent;98914
2;2021-11-22T02:35:43;payment matrices payment;2129
3;2021-11-22T04:08:05;Baby withdrawal Rubber;28189
4;2021-11-21T19:04:56;Architect;46567
5;2021-11-21T18:18:52;Human state Wisconsin;64439
6;2021-11-22T06:01:13;reboot;28136
7;2021-11-21T14:42:39;hacking;76559
8;2021-11-22T13:23:21;optical Squares optical;46099
9;2021-11-21T21:57:56;driver Reduced Applications;72915
10;2021-11-22T04:45:14;Checking Intelligent programming;98202
